Date,Time,Comp,Round,Day,Venue,Result,GF,GA,Opponent,Poss,Attendance,Captain,Formation,Opp Formation,Referee,Match Report,Notes
2025-08-16,15:00,Premier League,Matchweek 1,Sat,Home,D,1,1,Fulham,50,31478,Lewis Dunk,4-2-3-1,4-2-3-1,Samuel Barrott,Match Report,
2025-08-24,14:00,Premier League,Matchweek 2,Sun,Away,L,0,2,Everton,57,51759,Lewis Dunk,4-2-3-1,4-2-3-1,Stuart Attwell,Match Report,
2025-08-27,19:45,EFL Cup,Second round,Wed,Away,W,6,0,Oxford United,62,9010,James Milner,4-2-3-1,5-4-1,Oliver Langford,Match Report,
2025-08-31,14:00,Premier League,Matchweek 3,Sun,Home,W,2,1,Manchester City,37,31485,Lewis Dunk,4-2-3-1,4-3-3,Darren England,Match Report,
2025-09-13,15:00,Premier League,Matchweek 4,Sat,Away,L,1,2,Bournemouth,48,11167,Lewis Dunk,4-2-3-1,4-2-3-1,Peter Bankes,Match Report,
2025-09-20,15:00,Premier League,Matchweek 5,Sat,Home,D,2,2,Tottenham,36,31488,Lewis Dunk,4-2-3-1,4-3-3,Chris Kavanagh,Match Report,
2025-09-23,19:45,EFL Cup,Third round,Tue,Away,W,6,0,Barnsley,60,7790,James Milner,4-2-3-1,4-2-3-1,Tom Reeves,Match Report,
2025-09-27,15:00,Premier League,Matchweek 6,Sat,Away,W,3,1,Chelsea,41,39597,Lewis Dunk,4-2-3-1,4-3-3,Simon Hooper,Match Report,
2025-10-05,14:00,Premier League,Matchweek 7,Sun,Away,D,1,1,Wolves,58,29504,Lewis Dunk,4-2-3-1,4-3-3,Jarred Gillett,Match Report,
2025-10-18,15:00,Premier League,Matchweek 8,Sat,Home,W,2,1,Newcastle,46,31620,Lewis Dunk,4-2-3-1,4-3-3,Craig Pawson,Match Report,
2025-10-25,17:30,Premier League,Matchweek 9,Sat,Away,L,2,4,Manchester Utd,57,74124,Lewis Dunk,4-2-3-1,3-4-3,Anthony Taylor,Match Report,
2025-10-29,19:45,EFL Cup,Fourth round,Wed,Away,L,0,2,Arsenal,50,59292,Jason Steele,5-4-1,4-3-3,Samuel Barrott,Match Report,
2025-11-01,15:00,Premier League,Matchweek 10,Sat,Home,W,3,0,Leeds United,50,31512,Lewis Dunk,4-2-3-1,4-1-4-1,Michael Oliver,Match Report,
2025-11-09,14:00,Premier League,Matchweek 11,Sun,Away,D,0,0,Crystal Palace,58,24326,Lewis Dunk,4-2-3-1,3-4-3,Tim Robinson,Match Report,
2025-11-22,15:00,Premier League,Matchweek 12,Sat,Home,W,2,1,Brentford,64,31458,Danny Welbeck,4-2-3-1,4-2-3-1,Chris Kavanagh,Match Report,
2025-11-30,14:05,Premier League,Matchweek 13,Sun,Away,W,2,0,Nottingham,48,30522,Lewis Dunk,4-2-3-1,4-2-3-1,Michael Oliver,Match Report,
2025-12-03,19:30,Premier League,Matchweek 14,Wed,Home,L,3,4,Aston Villa,56,31247,Lewis Dunk,4-2-3-1,4-2-3-1,Andy Madley,Match Report,
2025-12-07,14:00,Premier League,Matchweek 15,Sun,Home,D,1,1,West Ham,68,31293,Lewis Dunk,4-2-3-1,3-4-1-2,Simon Hooper,Match Report,
2025-12-13,15:00,Premier League,Matchweek 16,Sat,Away,L,0,2,Liverpool,50,60429,Lewis Dunk,4-2-3-1,4-2-3-1,Craig Pawson,Match Report,
2025-12-20,15:00,Premier League,Matchweek 17,Sat,Home,D,0,0,Sunderland,56,31426,Georginio Rutter,4-2-3-1,4-2-3-1,Darren England,Match Report,
2025-12-27,15:00,Premier League,Matchweek 18,Sat,Away,L,1,2,Arsenal,47,60209,Lewis Dunk,3-4-3,4-3-3,John Brooks,Match Report,
2025-12-30,19:30,Premier League,Matchweek 19,Tue,Away,D,2,2,West Ham,61,62464,Lewis Dunk,4-2-3-1,4-2-3-1,Michael Salisbury,Match Report,
2026-01-03,15:00,Premier League,Matchweek 20,Sat,Home,W,2,0,Burnley,60,31373,Lewis Dunk,4-2-3-1,5-4-1,Tim Robinson,Match Report,
2026-01-07,19:30,Premier League,Matchweek 21,Wed,Away,D,1,1,Manchester City,40,51728,Lewis Dunk,4-2-3-1,4-1-4-1,Thomas Bramall,Match Report,
2026-01-11,16:30,FA Cup,Third round proper,Sun,Away,W,2,1,Manchester Utd,41,73888,Danny Welbeck,4-2-3-1,4-2-3-1,Simon Hooper,Match Report,
2026-01-19,20:00,Premier League,Matchweek 22,Mon,Home,D,1,1,Bournemouth,66,30172,Lewis Dunk,4-2-3-1,4-2-3-1,Paul Tierney,Match Report,
2026-01-24,15:00,Premier League,Matchweek 23,Sat,Away,L,1,2,Fulham,50,27239,Lewis Dunk,4-3-3,4-2-3-1,Michael Oliver,Match Report,
2026-01-31,15:00,Premier League,Matchweek 24,Sat,Home,D,1,1,Everton,54,31419,Lewis Dunk,4-3-3,4-2-3-1,Chris Kavanagh,Match Report,
2026-02-08,14:00,Premier League,Matchweek 25,Sun,Home,L,0,1,Crystal Palace,63,31179,Lewis Dunk,4-2-3-1,3-4-3,Thomas Bramall,Match Report,
2026-02-11,19:30,Premier League,Matchweek 26,Wed,Away,L,0,1,Aston Villa,50,39495,Lewis Dunk,4-3-3,4-2-3-1,Peter Bankes,Match Report,
2026-02-14,20:00,FA Cup,Fourth round proper,Sat,Away,L,0,3,Liverpool,53,60227,Lewis Dunk,4-3-3,4-2-3-1,Stuart Attwell,Match Report,
2026-02-21,15:00,Premier League,Matchweek 27,Sat,Away,W,2,0,Brentford,48,17163,Lewis Dunk,4-3-3,4-2-3-1,Jarred Gillett,Match Report,
2026-03-01,14:00,Premier League,Matchweek 28,Sun,Home,W,2,1,Nottingham,53,31427,Lewis Dunk,4-2-3-1,4-2-3-1,Andy Madley,Match Report,
2026-03-04,19:30,Premier League,Matchweek 29,Wed,Home,L,0,1,Arsenal,60,31575,Pascal Groß,4-2-3-1,4-2-3-1,Chris Kavanagh,Match Report,
2026-03-14,15:00,Premier League,Matchweek 30,Sat,Away,W,1,0,Sunderland,53,45497,Lewis Dunk,4-2-3-1,4-1-4-1,Thomas Kirk,Match Report,
2026-03-21,12:45,Premier League,Matchweek 31,Sat,Home,W,2,1,Liverpool,47,31680,Lewis Dunk,4-2-3-1,4-4-2,Darren England,Match Report,
2026-04-11,15:00,Premier League,Matchweek 32,Sat,Away,W,2,0,Burnley,50,20408,Danny Welbeck,4-2-3-1,4-2-3-1,Thomas Bramall,Match Report,
2026-04-18,17:30,Premier League,Matchweek 33,Sat,Away,D,2,2,Tottenham,58,61167,Danny Welbeck,4-2-3-1,4-3-3,Stuart Attwell,Match Report,
2026-04-21,20:00,Premier League,Matchweek 34,Tue,Home,W,3,0,Chelsea,54,31220,Pascal Groß,4-2-3-1,4-4-1-1,Craig Pawson,Match Report,
2026-05-02,15:00,Premier League,Matchweek 35,Sat,Away,L,1,3,Newcastle,67,52099,Danny Welbeck,4-2-3-1,4-2-3-1,Chris Kavanagh,Match Report,
2026-05-09,15:00,Premier League,Matchweek 36,Sat,Home,W,3,0,Wolves,72,31587,Lewis Dunk,4-2-3-1,3-4-3,John Brooks,Match Report,
2026-05-17,15:00,Premier League,Matchweek 37,Sun,Away,L,0,1,Leeds United,66,36880,Lewis Dunk,4-2-3-1,3-5-2,Michael Oliver,Match Report,
2026-05-24,16:00,Premier League,Matchweek 38,Sun,Home,L,0,3,Manchester Utd,51,31729,Lewis Dunk,4-2-3-1,4-2-3-1,Samuel Barrott,Match Report,